{
  "packages": [
    {
      "name": "5G_IMXRT1062",
      "maintainer": "5G_IMXRT1062",
      "websiteUrl": "",
      "Url": "https://raw.githubusercontent.com/5ghub/imxrt/main/package_IMXRT1062_index.json",
      "email": "",
      "platforms": [
        {
          "name": "IMXRT1062 (NXP 32-bits ARM Cortex-M7) Boards",
          "architecture": "imxrt",
          "version": "1.0.0",
          "deprecated": false,
          "category": "Contributed",
          "url": "https://github.com/5ghub/imxrt/raw/main/ArduinoCore-imxrt.zip",
          "archiveFileName": "ArduinoCore-imxrt.zip",
          "checksum": "SHA-256:5693a5cb0050e7da26dd185da53111b2c95f7ddac5c0b9310c6973effe50dc99",
          "size": "31611392",
          "boards": [
            {
              "name": "IMXRT1062"
            }
          ],
          "help": {},
          "toolsDependencies": [
            {
              "packager": "5G_IMXRT1062",
              "name": "arm-none-eabi-gcc",
              "version": "7-2017q4"
            },
            {
              "packager": "5G_IMXRT1062",
              "name": "bossac",
              "version": "1.9.1-seeeduino"
            }
          ],
          "discoveryDependencies": [],
          "monitorDependencies": []
        }
      ],
      "tools": [
        {
          "name": "arm-none-eabi-gcc",
          "version": "7-2017q4",
          "systems": [
            {
              "host": "arm-linux-gnueabihf",
              "url": "https://files.seeedstudio.com/arduino/tools/res/arm-none-eabi-gcc/7-2017q4/gcc-arm-none-eabi-7-2019-q4-major-linuxarm.tar.bz2",
              "archiveFileName": "gcc-arm-none-eabi-7-2019-q4-major-linuxarm.tar.bz2",
              "size": "96613739",
              "checksum": "SHA-256:34180943d95f759c66444a40b032f7dd9159a562670fc334f049567de140c51b"
            },
            {
              "host": "aarch64-linux-gnu",
              "url": "https://files.seeedstudio.com/arduino/tools/res/arm-none-eabi-gcc/7-2017q4/gcc-arm-none-eabi-7-2018-q2-update-linuxarm64.tar.bz2",
              "archiveFileName": "gcc-arm-none-eabi-7-2018-q2-update-linuxarm64.tar.bz2",
              "size": "99558726",
              "checksum": "SHA-256:6fb5752fb4d11012bd0a1ceb93a19d0641ff7cf29d289b3e6b86b99768e66f76"
            },
            {
              "host": "i686-mingw32",
              "url": "https://files.seeedstudio.com/arduino/tools/res/arm-none-eabi-gcc/7-2017q4/gcc-arm-none-eabi-7-2017-q4-major-win32-arduino1.zip",
              "archiveFileName": "gcc-arm-none-eabi-7-2017-q4-major-win32-arduino1.zip",
              "size": "131761924",
              "checksum": "SHA-256:96dd0091856f4d2eb21046eba571321feecf7d50b9c156f708b2a8b683903382"
            },
            {
              "host": "x86_64-apple-darwin",
              "url": "https://files.seeedstudio.com/arduino/tools/res/arm-none-eabi-gcc/7-2017q4/gcc-arm-none-eabi-7-2017-q4-major-mac.tar.bz2",
              "archiveFileName": "gcc-arm-none-eabi-7-2017-q4-major-mac.tar.bz2",
              "size": "104550003",
              "checksum": "SHA-256:89b776c7cf0591c810b5b60067e4dc113b5b71bc50084a536e71b894a97fdccb"
            },
            {
              "host": "x86_64-pc-linux-gnu",
              "url": "https://files.seeedstudio.com/arduino/tools/res/arm-none-eabi-gcc/7-2017q4/gcc-arm-none-eabi-7-2017-q4-major-linux64.tar.bz2",
              "archiveFileName": "gcc-arm-none-eabi-7-2017-q4-major-linux64.tar.bz2",
              "size": "99857645",
              "checksum": "SHA-256:96a029e2ae130a1210eaa69e309ea40463028eab18ba19c1086e4c2dafe69a6a"
            },
            {
              "host": "i686-pc-linux-gnu",
              "url": "https://files.seeedstudio.com/arduino/tools/res/arm-none-eabi-gcc/7-2017q4/gcc-arm-none-eabi-7-2018-q2-update-linux32.tar.bz2",
              "archiveFileName": "gcc-arm-none-eabi-7-2018-q2-update-linux32.tar.bz2",
              "size": "97427309",
              "checksum": "SHA-256:090a0bc2b1956bc49392dff924a6c30fa57c88130097b1972204d67a45ce3cf3"
            }
          ]
        },
        {
          "name": "bossac",
          "version": "1.9.1-seeeduino",
          "systems": [
            {
              "host": "i686-linux-gnu",
              "url": "https://files.seeedstudio.com/arduino/tools/res/bossac/1.9.1-seeeduino/bossac-1.9.1-seeeduino-linux.tar.gz",
              "archiveFileName": "bossac-1.9.1-seeeduino-linux.tar.gz",
              "size": "468465",
              "checksum": "SHA-256:6D67317017CB02CD000F7BA782CEE99985F69B22EC2A857E880512F0FF8437F8"
            },
            {
              "host": "x86_64-pc-linux-gnu",
              "url": "https://files.seeedstudio.com/arduino/tools/res/bossac/1.9.1-seeeduino/bossac-1.9.1-seeeduino-linux.tar.gz",
              "archiveFileName": "bossac-1.9.1-seeeduino-linux.tar.gz",
              "size": "468465",
              "checksum": "SHA-256:6D67317017CB02CD000F7BA782CEE99985F69B22EC2A857E880512F0FF8437F8"
            },
            {
              "host": "i686-mingw32",
              "url": "https://files.seeedstudio.com/arduino/tools/res/bossac/1.9.1-seeeduino/bossac-1.9.1-seeeduino-windows.tar.bz2",
              "archiveFileName": "bossac-1.9.1-seeeduino-windows.tar.bz2",
              "size": "493021",
              "checksum": "SHA-256:3DBA3C4128E95F27A469C39B79E93652B26DF7A40F0A8D27B399B30F373AD5A1"
            },
            {
              "host": "x86_64-apple-darwin",
              "url": "https://files.seeedstudio.com/arduino/tools/res/bossac/1.9.1-seeeduino/bossac-1.9.1-seeeduino-drawin.tar.gz",
              "archiveFileName": "bossac-1.9.1-seeeduino-drawin.tar.gz",
              "size": "75744",
              "checksum": "SHA-256:88ac7665b9e5b7cbdbe6cd40960a9fc236495709e6c86d1515c86293e19ca43a"
            },
            {
              "host": "arm-linux-gnueabihf",
              "url": "https://files.seeedstudio.com/arduino/tools/res/bossac/1.9.1-seeeduino/bossac-1.9.1-seeeduino-linux-arm-32.tar.gz",
              "archiveFileName": "bossac-1.8-48-gb176eee-arm-linux-gnueabihf.tar.gz",
              "size": "34825",
              "checksum": "SHA-256:2001e4a592f3aefd22f213b1ddd6f5d8d5e74bd04080cf1b97c24cbaa81b10ed"
            }
          ]
        }
      ],
      "help": {}
    }
  ],
  "IsTrusted": false
}